full_name,rating,total_ratings,business_category,price_range,address,phone,website,review_topics,latitude,longitude
Mini Grill Steakhouse - Glasgow,4.7,(567),Steak house,$$,"244A Bath St, Glasgow G2 4JW, United Kingdom",+44 141 332 2732,minigrillglasgow.co.uk,"['haggis\n23', 'burger\n22', 'scallops\n7', 'risotto\n6', 'bone\n6', 'food and service\n6', 'celebration\n6', 'medium rare\n6', 'duck\n5', 'swine\n5']",55.865028,-4.265692
Meat Bar,4.6,(501),Steak house,$$,"142 W Regent St, Glasgow G2 2RQ, United Kingdom",+44 141 204 3605,themeatbar.co.uk,"['burgers\n41', 'cocktails\n25', 'fries\n17', 'craft beer\n9', 'sirloin\n9', 'music\n8', 'haggis\n6', 'bacon\n6', 'sides\n6', 'ribs\n5']",55.863674,-4.2600429
"Marco Pierre White Steakhouse, Bar & Grill Glasgow",3.6,(309),Steak house,$$$,"75 Waterloo St, Glasgow G2 7DA, United Kingdom",+44 141 226 7726,mpwrestaurants.co.uk,"['afternoon tea\n18', 'hotel\n13', 'chateaubriand\n9', 'christmas\n8', 'voucher\n7', 'bottle\n6', 'groupon\n5', 'service charge\n5', 'onion rings\n5', 'picture\n5']",55.8603612,-4.2631378
Miller & Carter Glasgow,4.6,"(2,679)",Steak house,$$,"47 St Vincent St, Glasgow G2 5QX, United Kingdom",+44 141 404 2914,millerandcarter.co.uk,"['toilets\n30', 'beef dripping\n20', 'chateaubriand\n13', 'prosecco\n11', 'bank vault\n7', 'butcher block\n7', 'food and wine\n7', 'christmas menu\n6', 'loaf\n6', 'architecture\n5']",55.8611134,-4.2543842
Blackhouse Steakhouse Glasgow,4.1,(13),Steak house,,"21 Bothwell St, Glasgow G2 6NL, United Kingdom",+44 141 248 6262,blackhouse.uk.com,[],55.8609172,-4.25983925
"Tiffney's Steakhouse ""The Home Of Dry Aged Beef""",4.7,(172),Restaurant,$$$,"61 Otago St, Glasgow G12 8PQ, United Kingdom",+44 141 328 9557,tiffneys.com,"['chef\n11', 'wine\n7', 'experience\n7', 'children\n4', 'sides\n3', 'cost\n3']",55.87358,-4.282103
Steak and Cherry,4.3,(468),Restaurant,$$,"516 Sauchiehall St, Glasgow G2 3LW, United Kingdom",+44 141 352 9893,steakandcherry.com,"['cocktails\n23', 'burger\n16', 'night\n15', 'chicken\n15', 'chips\n10', 'deal\n8', 'pizza\n8', 'theatre\n7', 'the atmosphere\n6', 'halal\n5']",55.866271,-4.269492
Alston Bar & Beef,4.5,(634),Steak house,$$,"Unit 19, Central Station, 79 Gordon St, Glasgow G1 3SQ, United Kingdom
Located in: Glasgow Central Station",+44 141 221 7627,alstonglasgow.co.uk,"['gin\n62', 'cocktails\n27', 'station\n17', 'sunday roast\n13', 'night\n8', 'chips\n8', 'stairs\n6', 'medium rare\n6', 'chocolate brownie\n5', 'choice\n5']",55.8604407,-4.2575836
Porter & Rye,4.6,(414),Steak house,$$$,"1131 Argyle St, Finnieston, Glasgow G3 8ND, United Kingdom",+44 141 572 1212,porterandrye.com,"['cocktails\n18', 'chips\n11', 'sunday roast\n10', 'mac and cheese\n10', 'sides\n8', 'bone marrow\n5', 'chateaubriand\n5', 'beef dripping\n5', 'dry aged\n5', 'knife\n5']",55.864674,-4.284431
The Grill on the Square,4.3,(309),Steak house,,"29 Royal Exchange Square, Glasgow G1 3AJ, United Kingdom",+44 141 225 5615,grillroomglasgow.com,"['night\n9', 'course\n8', 'voucher\n6', 'food and service\n6', 'dining\n6', 'cocktails\n5', 'book\n4', 'afternoon tea\n3', 'groupon\n3', 'window\n3']",55.8600214,-4.2534637
Bo'Vine Meats & Wines,4.4,(367),Steak house,$$,"385 Byres Rd, Glasgow G12 8AU, United Kingdom",+44 141 341 6540,bovinerestaurant.com,"['chateaubriand\n13', 'chips\n11', 'courses\n7', 'sides\n7', 'prawns\n6', 'value\n6', 'night\n6', 'groupon\n5', 'deal\n5', 'haggis\n3']",55.877761,-4.290689
The Grill on the Corner,4.1,"(1,160)",British restaurant,$$$,"21-25 Bothwell St, Glasgow G2 6NL, United Kingdom",+44 141 248 6262,blackhouse.uk.com,"['medium rare\n19', 'steakhouse\n14', 'discount\n14', 'fajitas\n13', 'ribeye\n12', 'sirloin\n8', 't-bone\n6', 'peppercorn sauce\n6', 'bill\n6', 'card\n6']",55.860917,-4.259839
Mahony's Steakhouse,4.4,(318),Steak house,$$,"181-183 Kirkintilloch Rd, Bishopbriggs, Glasgow G64 2LS, United Kingdom",+44 141 772 4455,mahonyssteakhouse.co.uk,"['night\n10', 'value\n9', 'choice\n6', 'music\n6', 'chips\n6', 'skewers\n5', 'cheesecake\n4', 'tomato\n4', 'mussels\n3', 'presentation\n3']",55.905412,-4.224728
The Butchershop Bar & Grill,4.6,"(1,092)",Restaurant,$$$,"1055 Sauchiehall St, Glasgow G3 7UD, United Kingdom",+44 141 339 2999,butchershopglasgow.com,"['t-bone\n17', 'sunday roast\n16', 'cocktails\n15', 'well done\n14', 'onion rings\n8', 'cuts of meat\n7', 'sirloin\n6', 'kelvingrove park\n5', 'chateaubriand\n5', 'scotch egg\n5']",55.8669317,-4.2892501
The Spanish Butcher,4.6,(619),Spanish restaurant,$$$,"80 Miller St, Glasgow G1 1DT, United Kingdom",+44 141 406 9880,spanishbutcher.com,"['fries\n12', 'birthday\n9', 'truffle\n8', 'olives\n8', 'cocktails\n8', 'beef\n7', 'steakhouse\n6', 'chateaubriand\n5', 'sides\n5', 'iberico\n5']",55.859356,-4.2505871
Hutchesons City Grill,4.3,(540),Restaurant,$$$,"158 Ingram St, Glasgow G1 1EJ, United Kingdom",+44 141 552 4050,hutchesonsglasgow.com,"['steak\n30', 'building\n20', 'cocktails\n18', 'bar\n18', 'brunch\n15', 'night\n14', 'dining\n11', 'courses\n9', 'birthday\n7', 'oysters\n6']",55.8598601,-4.2475458
Viva Brazil,4.4,"(1,765)",Brazilian restaurant,$$,"87-91 Bothwell St, Glasgow G2 7AA, United Kingdom",+44 141 204 0240,vivabrazilrestaurants.com,"['salad bar\n74', 'buffet\n72', 'cocktails\n27', 'pineapple\n26', 'birthday\n18', 'cinnamon\n16', 'cuts of meat\n15', 'dining\n14', 'lamb\n11', 'gammon\n8']",55.8612376,-4.262096
Little Steak House,4.6,(460),Steak house,$$,"4 Sma Shots Lane, Paisley PA1 2HG, United Kingdom",+44 141 848 0351,littlesteakhouse.co.uk,"['birthday\n12', 'value\n9', 'night\n9', 'room\n8', 'steak pie\n7', 'party\n5', 'wine\n5', 'goats cheese\n3', 'braised\n3', 'prawns\n3']",55.843233,-4.4258657
Miller & Carter Newton Mearns,4.5,"(1,026)",Steak house,$$,"Stewarton Rd, Newton Mearns, Glasgow G77 6NP, United Kingdom",+44 141 639 7453,millerandcarter.co.uk,"['ribeye\n12', 'lettuce\n9', 'chips\n8', 'cocktails\n8', 'value\n8', 'food and service\n8', 'choices\n7', 'christmas\n5', 'course\n5', 't bone steak\n5']",55.785155,-4.343923
FF West End,4.6,(257),Restaurant,$$,"160 Woodlands Rd, Glasgow G3 6LF, United Kingdom",+44 141 332 3399,facebook.com,"['cooked\n16', 'sides\n10', 'bar\n9', 'value\n7', 'drinks\n7', 'flat iron steak\n6', 'cocktails\n5', 'money\n5', 'sunday roast\n4', 'chips\n4']",55.869842,-4.275047
Wagah Grill House,4.5,(171),Fast food restaurant,,"58 Howard St, Glasgow G1 4EE, United Kingdom",+44 141 328 0805,,"['halal\n6', 'to go\n4', 'plate\n3', 'student\n3']",55.856536,-4.25465
Barolo Grill,4.4,(470),Italian restaurant,$$,"92-94 Mitchell St, Glasgow G1 3NQ, United Kingdom
Located in: Gordon Chambers",+44 141 221 0971,barologrill.co.uk,"['breakfast\n13', 'steak\n10', 'wine\n8', 'food, service\n5', 'dining\n4', 'girlfriend\n3', 'roast\n3', 'calamari\n3', 'choice\n3', 'value\n3']",55.860152,-4.255493
The McMillan Bar + Chop House,4.4,(290),Chophouse restaurant,$$,"862 Pollokshaws Rd, Glasgow G41 2ET, United Kingdom",+44 141 649 9055,themcmillan.co.uk,"['cocktails\n10', 'evening\n7', 'food and service\n6', 'fries\n6', 'dining\n5', 'courses\n5', 'music\n4', 'pudding\n3', 'sunday roast\n3', 'toilets\n3']",55.8338614,-4.2751002
Cocktails And Steaks,4.4,(132),Steak house,,"193 Main St, Uddingston, Glasgow G71 7BP, United Kingdom",+44 1698 768118,cocktailsandsteaks.co.uk,"['value\n5', 'wine\n5', 'burgers\n3']",55.8231608,-4.0848815
The Anchor Line,4.5,"(1,121)",Bar & grill,$$,"12–16 St Vincent Pl, Glasgow G1 2DH, United Kingdom",+44 141 248 1434,theanchorline.co.uk,"['cocktails\n81', 'steak\n15', 'building\n14', 'food and service\n9', 'choice\n8', 'piano\n7', 'interior\n6', 'christmas lunch\n5', 'course\n5', 'noise\n5']",55.8611796,-4.252289
Steak Cattle & Roll,4.3,(450),Bar & grill,$$,"396 Sauchiehall St, Glasgow G2 3JD, United Kingdom
Located in: Ashfield House",+44 141 237 1919,steakcattleandroll.co.uk,"['vegan\n24', 'milkshakes\n18', 'value\n12', 'hotdog\n10', 'portion sizes\n10', 'filling\n8', 'onion rings\n6', 'sides\n6', 'gluten free\n5', 'mac and cheese\n5']",55.8658601,-4.2661061
Milano,4.4,(365),Italian restaurant,$$,"3 Auchenkilns Park, Cumbernauld, Glasgow G68 9AW, United Kingdom",+44 1236 722947,,"['steak\n15', 'value\n8', 'courses\n6', 'food, service\n6', 'night\n5', 'pasta\n5', 'burger\n4', 'mussels\n3', 'toilets\n3', 'parking\n3']",55.9434732,-4.0170798
Beefeater West Highland Gate,4.0,(409),Steak house,$$,"103 Main St, Milngavie, Glasgow G63 6JQ, United Kingdom",+44 141 956 7835,beefeater.co.uk,"['', '', '', '', '', '', '', '', '', '']",55.9347678,-4.3161929
Benihana Glasgow,4.5,(75),Japanese steakhouse,,"7 W Nile St, Glasgow G1 2PR, United Kingdom",+44 141 442 0141,benihanainternational.com,"['', '', '', '', '', '', '', '', '', '']",55.8608008,-4.2558414
Beefeater Black Bear,3.9,(680),Steak house,$$,"601 Hamilton Rd, Uddingston, Glasgow G71 7SA, United Kingdom",+44 141 773 1133,beefeater.co.uk,"['', 'chips\n11', 'burger\n9', 'value\n8', '', '', '', '', '', '']",55.8369596,-4.1103504
Beefeater The Castle,4.1,(462),Steak house,$$,"Greenlaw Rd, Crookfur Rd, Newton Mearns, Glasgow G77 6NP, United Kingdom",+44 141 955 7901,beefeater.co.uk,"['breakfast\n16', 'value\n13', 'cold\n6', 'book\n4', 'chips\n4', 'choice\n4', 'pub\n3', 'vegetarian\n3', 'xmas\n3', 'chef\n3']",55.784467,-4.348343
Beefeater Crooked Lum,3.9,(547),Steak house,$$,"Brunel Way, East Kilbride, Glasgow G75 0JY, United Kingdom",+44 1355 222809,beefeater.co.uk,"['breakfast\n23', 'value\n8', 'burgers\n7', 'mixed grill\n6', 'toilets\n6', 'discount\n6', 'pint\n5', 'party\n5', 'beer garden\n4', 'voucher\n4']",55.7577595,-4.1707449
134 Steak House,4.4,(404),Steak house,$$,"134 Cathcart St, Greenock PA15 1BQ, United Kingdom",+44 1475 648143,,"['value\n12', 'portion size\n8', 'birthday\n8', 'party\n5', 'fries\n5', 'enchiladas\n4', 'fajitas\n3', 'mac and cheese\n3', 'main course\n3', 'chef\n3']",55.947141,-4.7556048
Steak Inn,4.6,(292),Restaurant,,"508 Victoria Rd, Glasgow G42 8PQ, United Kingdom",+44 141 423 8887,,"['customer service\n16', 'burger\n12', 'well done\n11', 'sides\n11', 'halal\n9', 'lamb\n9', 'sirloin steak\n6', 'prawns\n6', 'mash\n6', 't-bone steak\n5']",55.8347149,-4.2656333
Village Steakhouse,3.8,(214),Steak house,$$,"2 Montgomery St, East Kilbride, Glasgow G74 4JS, United Kingdom",+44 1355 226666,legends-ek.co.uk,"['value\n18', 'course\n10', 'sunday roast\n9', 'birthday\n7', 'chips\n4', 'family meal\n3', 'roast beef\n3', 'desert\n3', 'choice\n3', 'wine\n3']",55.7652129,-4.175779
Milano Steak House,4.2,(213),Steak house,$$,"3 Auchenkilns Park, Cumbernauld, Glasgow G68 9AW, United Kingdom",+44 1236 722947,,"['course\n4', 'value\n4', 'choice\n4', 'parking\n4', 'atmosphere\n3']",55.9436373,-4.0170384
"Cut Bothwell - Steakhouse, Bar & Functions",4.5,(228),Restaurant,,"1 Old Mill Rd, Bothwell, Glasgow G71 8AY, United Kingdom",+44 1698 850412,cutbothwell.com,"['cooked\n9', 'drinks\n6', 'wine\n5', 'night\n5', 'course\n4', 'party\n3', 'potato\n3', 'chicken\n3']",55.7998987,-4.0646545
AMBALA RESTAURANT GLASGOW,4.4,(510),Indian restaurant,$$,"11 Forth St, Pollokshields, Glasgow G41 2SP, United Kingdom",+44 141 258 1120,ambalaonline.co.uk,"['karahi\n7', 'lamb\n6', 'peri peri\n5', 'burgers\n5', 'mixed grill\n4', 'chops\n4', 'to go\n4', 'pakistani food\n3', 'bottle\n3', 'oily\n3']",55.843265,-4.269323
Stack & Still,4.2,(982),Pancake restaurant,$$,"100-108, W George St, Glasgow G2 1PJ, United Kingdom",+44 141 471 0417,stackandstill.co.uk,"['savoury\n48', 'service charge\n24', 'gluten free\n15', 'vegan\n14', 'buttermilk\n11', 'pulled pork\n10', 'self service\n8', 'food waste\n5', 'protein\n5', 'sugar free\n5']",55.8623797,-4.2555165
Tiki Bar & Kitsch Inn,4.5,(475),Cocktail bar,$$,"214 Bath St, Glasgow G2 4HW, United Kingdom",+44 141 332 1341,tikibarglasgow.com,"['thai food\n25', 'rum\n16', 'menu\n14', 'lunch\n12', 'value\n9', 'chicken\n6', 'tiki mugs\n4', 'satay\n4', 'foosball\n4', 'course\n3']",55.8649446,-4.2643641
Stack & Still,4.2,(982),Pancake restaurant,$$,"100-108, W George St, Glasgow G2 1PJ, United Kingdom",+44 141 471 0417,stackandstill.co.uk,"['savoury\n48', 'service charge\n24', 'gluten free\n15', 'vegan\n14', 'buttermilk\n11', 'pulled pork\n10', 'self service\n8', 'food waste\n5', 'protein\n5', 'sugar free\n5']",55.8623797,-4.2555165
Tiki Bar & Kitsch Inn,4.5,(475),Cocktail bar,$$,"214 Bath St, Glasgow G2 4HW, United Kingdom",+44 141 332 1341,tikibarglasgow.com,"['thai food\n25', 'rum\n16', 'menu\n14', 'lunch\n12', 'value\n9', 'chicken\n6', 'tiki mugs\n4', 'satay\n4', 'foosball\n4', 'course\n3']",55.8649446,-4.2643641
Yadgar Kebab House,4.3,(362),Kebab shop,,"148 Calder St, Glasgow G42 7QP, United Kingdom",+44 141 424 3722,,"['curry\n16', 'takeaway\n16', 'karahi\n13', 'pakistani food\n9', 'pakora\n5', 'chips\n5', 'chapatti\n4', 'chops\n4', 'mince\n4', 'naan\n3']",55.837335,-4.262017
TURKIYE RESTAURANT,4.5,(101),Turkish restaurant,,"97/99 Candleriggs, Glasgow G1 1NP, United Kingdom",+44 141 553 1577,turkiyeglasgow.co.uk,"['experience\n5', 'waiter\n5', 'belly dancer\n4', 'food and service\n3', 'atmosphere\n3', 'cost\n3', 'baklava\n3', 'lamb\n3', 'dinner\n3']",55.8589326,-4.2456314
29 Glasgow,4.2,(377),Event venue,,"29 Royal Exchange Square, Glasgow G1 3AJ, United Kingdom",+44 141 225 5615,29glasgow.com,"['drinks\n16', 'wedding\n11', 'cocktails\n9', 'bar\n9', 'afternoon tea\n7', 'club\n7', 'dinner\n6', 'christmas\n6', 'steak\n5', 'gin\n4']",55.860031,-4.253474
Bufalo Grill,4.6,(41),Restaurant,,"515 Sauchiehall St, Glasgow G3 7PQ, United Kingdom",+44 141 221 5454,facebook.com,"['steak\n11', 'burgers\n6', 'pizza\n4', 'sauce\n3', 'chicken\n3']",55.8661948,-4.2720608
Sizzler Grill House,3.9,(30),Indian restaurant,,"357 Bilsland Dr, Glasgow G20 9LT, United Kingdom",+44 141 945 5959,sizzlergrillhouse.com,['delivery\n5'],55.8880188,-4.2719221
Montford House,4.3,(286),Pub,,"23-27 Curtis Ave, City Centre, Glasgow G44 4QD, United Kingdom",+44 141 616 6635,,"['meal\n11', 'pint\n4', 'night\n4', 'family\n3']",55.8266667,-4.2461111
Loon Fung Cantonese Restaurant,4.2,(508),Chinese restaurant,$$,"Sauchiehall St, City Centre, Glasgow G2 3LG, United Kingdom",+44 141 332 1240,loonfungglasgow.com,"['dim sum\n46', 'cantonese food\n13', 'experience\n8', 'racist\n4', 'traditional food\n4', 'roast\n4', 'duck\n4', 'portion sizes\n4', 'rice rolls\n3', 'language\n3']",55.8658944,-4.26885
Nando's Glasgow - Sauchiehall Street,4.2,(683),Chicken restaurant,$$,"263 Sauchiehall St, Glasgow G2 3EZ, United Kingdom",+44 141 353 3682,nandos.co.uk,"['peri peri\n8', 'burger\n6', 'experience\n6', 'chips\n6', 'environment\n5', 'halloumi\n4', 'pitta\n3', 'music\n3', 'hot sauce\n3', 'choice\n3']",55.86517,-4.262983
Cafe Antipasti,4.5,(492),Italian restaurant,$$,"305 Sauchiehall St, Glasgow G2 3HQ, United Kingdom",+44 141 332 9002,antipasti.co.uk,"['value\n28', 'choice\n8', 'pasta\n8', 'theatre\n7', 'night\n7', 'food and service\n6', 'atmosphere\n6', 'small plates\n5', 'course\n5', 'sticky toffee\n3']",55.8653545,-4.2645657
1051 GWR,4.4,(441),Restaurant,$$,"1051 GWR, 1051 Great Western Rd, Glasgow G12 0XP, United Kingdom",+44 141 339 5575,1051gwr.co.uk,"['drinks\n23', 'steak\n14', 'value\n12', 'craft beers\n9', 'pub\n8', 'choice\n6', 'atmosphere\n6', 'cocktails\n5', 'building\n5', 'chef\n5']",55.8841756,-4.3094838
Grill on the Bridge,4.8,(148),Steak house,,"Bridge St, Dumbarton G83 1NT, United Kingdom",+44 1389 607297,,"['food and service\n5', 'cash\n4', 'cheesecake\n4', 'chef\n4', 'value\n3', 'burger\n3']",55.89883055,-4.40865715
Bar Square,3.8,(113),Bar & grill,$$,"5 Bell St, Glasgow G1 1NU, United Kingdom
Located in: Merchant Square",+44 141 552 3232,barsquare.co.uk,"['breakfast\n6', 'toilets\n5', 'cooked\n4', 'wrap\n3', 'choice\n3', 'steak\n3', 'customer service\n3', 'waitress\n3']",55.8582744,-4.2453479
Malmaison Brasserie,4.1,(87),French restaurant,,"278 W George St, Glasgow G2 4LL, United Kingdom
Located in: Malmaison Glasgow",+44 141 572 1000,malmaison.com,"['sunday lunch\n3', 'hotel\n3']",55.8634239,-4.2648444
Chunky Chicken,3.9,(345),Fast food restaurant,$,"532 Sauchiehall St, Glasgow G2 3LX, United Kingdom",+44 141 332 1772,chunkychickenglasgow.co.uk,"['peri peri\n14', 'delivery\n11', 'wrap\n7', 'halal\n6', 'platter\n5', 'rice\n5', 'phone\n5', 'takeaway\n5', 'hot wings\n4', 'fried chicken\n4']",55.8663155,-4.2700927
Baby Grand Bar & Grill,4.1,(241),Bar & grill,$$,"3-7 Elmbank Gardens, Glasgow G2 4NQ, United Kingdom",+44 141 248 4942,,"['piano\n14', 'evening\n7', 'breakfast\n7', 'theatre\n6', 'choice\n6', 'train\n5', 'wine\n5', 'to go\n3', 'chicken\n3']",55.8648868,-4.2703183
Miller & Carter Edinburgh City Centre,4.6,"(1,908)",Steak house,$$,"29-31 Frederick St, Edinburgh EH2 2ND, United Kingdom",+44 131 603 6080,millerandcarter.co.uk,"['cocktails\n17', 'value\n15', 'butcher block\n12', 't-bone\n12', 'courses\n11', 'anniversary\n10', 'chateaubriand\n9', 'beef dripping\n8', 'toilets\n6', 'prosecco\n5']",55.9527016,-3.1999156
LIFE Glasgow,4.2,(414),Bar & grill,$$,"396 Sauchiehall St, Glasgow G2 3JD, United Kingdom
Located in: Ashfield House",+44 141 237 1919,lifeglasgow.co.uk,"['burger\n18', 'cocktails\n14', 'live music\n8', 'fries\n7', 'night\n5', 'birthday\n4', 'hot dog\n3', 'pints\n3', 'mac and cheese\n3', 'dj\n3']",55.8658479,-4.2660584
Miller & Carter Cramond Brig,4.4,"(1,424)",Steak house,$$,"Queensferry Rd, Cramond, Edinburgh EH4 6DY, United Kingdom",+44 131 339 4350,millerandcarter.co.uk,"['value\n17', 'choice\n16', 'lettuce\n11', 'toilets\n10', 'walk\n8', 'pudding\n7', 'beef dripping\n5', 'fish and chips\n5', 'loaf\n5', 'pub\n5']",55.965198,-3.317279
Akbar's Glasgow,4.3,(982),Indian restaurant,$$,"573-581 Sauchiehall St, Glasgow G3 7PQ, United Kingdom",+44 141 222 2258,akbars.co.uk,"['naan\n69', 'lamb\n29', 'desi\n13', 'chops\n12', 'chicken tikka\n10', 'balti\n9', 'chicken karahi\n6', 'keema\n6', 'nihari\n5', 'pakistani food\n5']",55.8660583,-4.273689
Coulotte Steakhouse,5.0,(2),Restaurant,,"80 Main St, Cambuslang, Glasgow G72 7EQ, United Kingdom",+44 141 641 1405,,[],55.8188282,-4.1666484
Chop House Bruntsfield,4.3,(277),Steak house,$$$,"88 Bruntsfield Pl, Edinburgh EH10 4HG, United Kingdom",+44 131 629 6565,chophousesteak.co.uk,"['sides\n15', 'cocktails\n8', 'fries\n8', 'well done\n7', 'night\n5', 'oysters\n4', 'basement\n3', 'sunday roast\n3', 'rump\n3', 'food and wine\n3']",55.8593755,-3.79997185
Sannino Pizzeria,3.7,(24),Pizza restaurant,,"59 Elmbank St, Glasgow G2 4PQ, United Kingdom",+44 141 332 3565,sannino.co.uk,"['italian restaurant\n5', 'theatre\n4']",55.8654196,-4.2683277
Verona,4.4,(314),Italian restaurant,$$,"88 W Regent St, Glasgow G2 2QZ, United Kingdom",+44 141 332 7414,verona-glasgow.co.uk,"['value\n13', 'course\n5', 'wine\n5', 'christmas dinner\n3', 'sister\n3', 'calzone\n3', 'carbonara\n3', 'atmosphere\n3']",55.8633427,-4.2575039
Bavaria Brauhaus,4.4,"(1,855)",Bar,$$,"30 Bothwell St, Glasgow G2 6NU, United Kingdom",+44 141 457 7100,bavariabrauhaus.com,"['german beers\n105', 'pint\n25', 'band\n14', 'oom-pah\n9', 'brass\n8', 'currywurst\n7', 'table service\n7', 'sauerkraut\n5', 'pork knuckle\n5', 'schnitzel\n5']",55.861257,-4.259831
The Drake,4.5,(264),Restaurant,$$,"1 Lynedoch St, Kelvingrove, Glasgow G3 6EF, United Kingdom",+44 141 332 7363,thedrakebar.co.uk,"['pub\n16', 'drinks\n13', 'dog\n11', 'atmosphere\n5', 'choice\n4', 'night\n4', 'party\n3', 'dining room\n3', 'music\n3']",55.868412,-4.2731061
Dakota Glasgow,4.7,(730),,4-star hotel,"179 W Regent St, Glasgow G2 4DP, United Kingdom",+44 141 404 3680,dakotahotels.co.uk,[],55.8642281,-4.2646083
Chop House Market Street,4.4,(547),Steak house,$$$,"Arch 15 E Market St, Edinburgh EH8 8FS, United Kingdom",+44 131 629 1551,chophousesteak.co.uk,"['sides\n26', 'wine\n20', 'porterhouse\n12', 'breakfast\n9', 'sourdough\n7', 'bloody mary\n6', 'sunday roast\n6', 'oysters\n6', 'scotch egg\n5', 'onion rings\n5']",55.9514536,-3.1846995
Ardnamurchan Scottish Restaurant & Bar,4.6,(510),Country food restaurant,$$,"325 Hope St, Glasgow G2 3PT, United Kingdom
Located in: Royal Conservatoire of Scotland",+44 141 353 1500,ardnamurchan.biz,"['value\n24', 'waiter\n19', 'courses\n15', 'steak\n15', 'scallops\n7', 'stew\n7', 'cocktails\n7', 'food and service\n7', 'black pudding\n5', 'seafood\n5']",55.8664683,-4.2567293
The Restaurant Bar & Grill,4.3,(218),Bar & grill,,"2nd Princes Square Shopping Centre, 42 Buchanan St, Glasgow G1 3JX, United Kingdom
Located in: Princes Square Shopping Centre",+44 141 225 5622,individualrestaurants.com,"['steak\n8', 'waiter\n7', 'wine\n5', 'cooked\n5', 'food, service\n4', 'customer service\n4', 'chips\n3', 'evening\n3', 'atmosphere\n3', 'experience\n3']",55.8591733,-4.2537892
Viva,4.4,(534),Italian restaurant,$$,"77 Bothwell St, Glasgow G2 6TS, United Kingdom",+44 141 243 2162,viva-ristorante.com,"['value\n12', 'choice\n6', 'vegan\n4', 'food service\n4', 'main courses\n4', '5pm\n3', 'voucher\n3', 'sausage\n3', 'environment\n3']",55.8611111,-4.2613889
The Bon Accord,4.6,"(1,065)",Pub,$$,"153 North St, Glasgow G3 7DA, United Kingdom",+44 141 248 4427,bonaccordpub.com,"['real ale\n57', 'whisky selection\n25', 'choice\n16', 'lunch\n15', 'single malts\n9', 'steak pie\n8', 'craft beers\n8', 'app\n6', 'dram\n5', 'knowledge\n5']",55.8641777,-4.2715287
Tony Macaroni Glasgow City Centre,4.2,(796),Italian restaurant,$$,"133 W George St, Glasgow G2 2HG, United Kingdom",+44 141 221 4718,,"['value\n13', 'quick service\n8', 'course\n7', 'toilets\n6', 'portion sizes\n6', 'mac and cheese\n5', 'bruschetta\n5', 'wine\n5', 'ribs\n4', 'mozzarella sticks\n3']",55.8622053,-4.2566515
Hotel ibis Glasgow City Centre - Sauchiehall Street,4.0,"(1,071)",,3-star hotel,"220 W Regent St, Glasgow G2 4DQ, United Kingdom",+44 141 225 6000,all.accor.com,[],55.864368,-4.266112
Ad Lib,4.3,(479),American restaurant,$$,"111 Hope St, Glasgow G2 6LL, United Kingdom",+44 141 248 6645,adlibglasgow.com,"['burger\n51', 'music\n11', 'mac and cheese\n8', 'cocktails\n6', 'take away\n5', 'steak\n5', 'pint\n4', 'fried chicken\n4', 'lamb\n3', 'pulled pork\n3']",55.8606895,-4.2590602
Hotel Novotel Glasgow Centre,4.2,"(1,168)",,4-star hotel,"181 Pitt St, Glasgow G2 4DT, United Kingdom",+44 141 619 9001,all.accor.com,[],55.8644302,-4.2653088
Amber Regent,4.4,(397),Chinese restaurant,$$,"50 W Regent St, Glasgow G2 2RA, United Kingdom",+44 141 331 1655,amberregent.com,"['value\n13', 'money\n10', 'food and service\n7', 'evening\n6', 'female\n5', 'experience\n5', 'gluten free\n4', 'course\n4', 'birthday\n4', 'satay\n3']",55.863198,-4.256561
Roma Meditteranean Restaurant,4.1,(448),Italian restaurant,$$,"46 Bath St, Glasgow G2 1HG, United Kingdom",+44 141 332 9641,romaglasgow.co.uk,"['value\n28', 'wine\n8', 'evening\n7', 'christmas\n6', 'quick service\n5', 'steak\n5', 'courses\n4', 'entertainment\n3', 'cheesecake\n3', 'discount\n3']",55.8638058,-4.2552609
The Koh-I-Noor Restaurant,4.1,(138),Indian restaurant,$$,"235 North St, Glasgow G3 7DL, United Kingdom",+44 141 204 1444,koh-i-noorglasgow.co.uk,"['buffet\n22', 'choice\n8', 'waiter\n5', 'a la carte\n4', 'lamb\n4', 'pakora\n3', 'night\n3', 'takeaway\n3']",55.8658086,-4.2716826
NY American Grill,4.1,(239),Restaurant,$$,"2nd Floor, Princes Square, 48 Buchanan St, Glasgow G1 3JN, United Kingdom
Located in: Princes Square Shopping Centre",+44 141 221 7667,nyamericangrill.co.uk,"['burger\n18', 'cocktails\n15', 'drinks\n11', 'chicken\n8', 'chips\n6', 'steak\n5', 'cooked\n5', 'sauce\n5', 'voucher\n3', 'hot dog\n3']",55.859171,-4.25381
The Flying Duck,4.4,"(1,024)",Vegan restaurant,$$,"142 Renfield St, Glasgow G2 3AU, United Kingdom",+44 141 564 1450,theflyingduck.org,"['mac and cheese\n16', 'pub\n11', 'student\n11', 'basement\n9', 'pool table\n8', 'live music\n8', 'board games\n7', 'pints\n7', 'graffiti\n6', 'cinema\n5']",55.8655041,-4.2550565
Bill's Glasgow Restaurant,4.2,"(1,217)",British restaurant,$$,"22-24 W Nile St, Glasgow G1 2PW, United Kingdom",+44 141 221 6883,bills-website.co.uk,"['brunch\n32', 'pancakes\n29', 'service charge\n12', 'morning\n10', 'avocado\n9', 'eggs benedict\n7', 'healthy food\n5', 'chicken burger\n5', 'poached eggs\n5', 'smile\n5']",55.8609857,-4.2551367
Gourmet Burger Kitchen,4.0,(835),Hamburger restaurant,$$,"65 St Vincent St, Glasgow G2 5TF, United Kingdom",+44 141 248 2037,gbk.co.uk,"['app\n13', 'gluten free\n7', 'sides\n7', 'onion rings\n7', 'discount\n6', 'coke\n6', 'table service\n5', 'student\n4', 'pesto\n3', 'quid\n3']",55.8611711,-4.2550096
Sapporo Teppanyaki Glasgow,4.5,"(1,099)",Japanese restaurant,$$$,"2-6 Ingram St, Glasgow G1 1HA, United Kingdom",+44 141 553 4060,sapporoglasgow.co.uk,"['entertaining\n90', 'experience\n61', 'birthday\n18', 'dining\n14', 'funny\n11', 'cocktails\n9', 'fried rice\n8', 'cooking show\n7', 'prawns\n7', 'voucher\n5']",55.8592454,-4.2419879
The Shenaz,4.6,(319),Indian restaurant,$$,"17 Granville St, Glasgow G3 7EE, United Kingdom",+44 141 221 8528,shenaz.co.uk,"['pakora\n12', 'curry house\n5', 'dining\n5', 'value\n5', 'waiting staff\n5', 'lamb\n4', 'disabled\n3', 'courses\n3', 'kids\n3', 'food, service\n3']",55.8651415,-4.2738803
Amarone,4.5,(691),Italian restaurant,$$,"2 Nelson Mandela Pl, Glasgow G2 1BT, United Kingdom",+44 141 333 1122,amaronerestaurant.co.uk,"['wine\n11', 'value\n7', 'anniversary\n5', 'dining\n5', 'toilets\n4', 'calzone\n4', 'christmas lunch\n3', 'basement\n3', 'vongole\n3', 'wedding\n3']",55.8622835,-4.2536657
Stereo,4.4,"(1,518)",Night club,$$,"22 Renfield Ln, Glasgow G2 5AR, United Kingdom",+44 141 222 2254,stereocafebar.com,"['vegan\n169', 'music venue\n39', 'pizza\n17', 'lunch\n16', 'cauliflower\n11', 'basement\n10', 'hipster\n8', 'soup\n7', 'fish and chips\n6', 'cheesecake\n5']",55.8610954,-4.2578907
NYC Bar & Grill,4.4,(467),Bar & grill,$$,"185 Hope St, Glasgow G2 2UL, United Kingdom",+44 141 353 2913,facebook.com,"['burgers\n58', 'cocktails\n39', 'fries\n15', 'hot dogs\n13', 'chicken wings\n11', 'value\n9', 'atmosphere\n8', 'choice\n5', 'money\n5', 'chilli\n4']",55.8630349,-4.258063
Côte Brasserie - Glasgow,4.5,(700),French restaurant,$$,"41-43 W Nile St, Glasgow G1 2PT, United Kingdom",+44 141 248 1022,cote.co.uk,"['value\n26', 'food and service\n13', 'steak\n12', 'cote\n9', 'choice\n8', 'evening\n8', 'brunch\n6', 'service charge\n5', 'tip\n5', 'wine list\n5']",55.861669,-4.2553
The Cow on the Hill STEAK & GRILL,4.0,(3),Restaurant,,"Holiday Inn Glasgow, East Kilbride, Stew G74 5LA, United Kingdom",+44 333 320 9328,hieastkilbride.com,[],55.7720543,-4.2266621
Sarti,4.5,(486),Italian restaurant,$$,"121 Bath St, Glasgow G2 2SZ, United Kingdom",+44 141 204 0440,sarti.co.uk,"['pasta\n13', 'atmosphere\n10', 'food and wine\n6', 'night\n6', 'book\n4', 'wine list\n4', 'glass\n4', 'shellfish\n3', 'vegetarian\n3', 'veal\n3']",55.864074,-4.259563
Bath Street Palomino,4.1,(235),Italian restaurant,$$,"207 Bath St, Glasgow G2 4HZ, United Kingdom",+44 141 221 9444,bathstreetpalomino.co.uk,"['burgers\n12', 'cocktails\n12', 'value\n7', 'toilets\n5', 'music\n4', 'atmosphere\n3', 'party\n3', 'soup\n3']",55.8645838,-4.2642375
The Citizen Glasgow,4.4,(821),Meat dish restaurant,$$,"24 St Vincent Pl, Glasgow G1 2EU, United Kingdom",+44 141 222 2909,thecitizenglasgow.co.uk,"['bar\n63', 'cocktails\n43', 'pint\n13', 'night\n13', 'atmosphere\n12', 'value\n11', 'lager\n9', 'party\n8', 'brunch\n5', 'afternoon\n5']",55.8612887,-4.2526931
The Chippy Doon The Lane,4.1,(655),Fish and seafood restaurant,$$,"84 Buchanan St, Glasgow G1 3AJ, United Kingdom",+44 141 225 6650,thechippyglasgow.com,"['fish and chips\n120', 'haddock\n18', 'batter\n18', 'supper\n15', 'wine\n14', 'groupon\n9', 'deal\n9', 'stairs\n8', 'sole\n7', 'tartare sauce\n6']",55.8597729,-4.2535313
Steak Cattle & Roll,4.3,(340),Hamburger restaurant,$$,"17 Bell St, Glasgow G1 1NU, United Kingdom
Located in: Merchant Square",+44 141 258 6500,steakcattleandroll.co.uk,"['vegan\n17', 'cocktails\n13', 'mac and cheese\n4', 'nacho\n4', 'value\n4', 'brisket\n3', 'portion sizes\n3', 'sweet potato fries\n3', 'sides\n3']",55.8582433,-4.2451563
Soho Pizzeria & Cocktail Bar,4.3,(566),Pizza restaurant,$$,"City Centre, 84 Miller St, Glasgow G1 1DT, United Kingdom",+44 141 221 1568,sohoglasgow.com,"['value\n11', 'music\n10', 'night\n9', 'haggis\n6', 'courses\n6', 'gluten free\n6', 'soup\n5', 'steak\n5', 'cheesecake\n4', 'mussels\n3']",55.859611,-4.250621
Mediterraneo Italian Restaurant & Champagne Bar,4.3,(903),Italian restaurant,$$,"159 Ingram St, Glasgow G1 1DW, United Kingdom",+44 141 552 0460,medglasgow.com,"['value\n20', 'cocktails\n15', 'music\n15', 'pasta\n15', 'night\n14', 'choice\n11', 'atmosphere\n8', 'course\n7', 'food service\n6', 'afternoon\n5']",55.8596603,-4.2482622
Sarti,4.5,(393),Italian restaurant,$$,"133 Wellington St, Glasgow G2 2XD, United Kingdom",+44 141 248 2228,sarti.co.uk,"['wine\n12', 'atmosphere\n7', 'breakfast\n6', 'choice\n6', 'gluten free\n4', 'seafood\n4', 'christmas\n3', 'sausage\n3', 'value\n3', 'dining\n3']",55.8638878,-4.259323
